Date,GLD,QLD,TMV,TECL,TLT,XLU,TQQQ,BIL,GDX,LQD,QQQ,AGG,SPY,SOXL,XLV
2004-01-30,,,,,41.741455,5.573713,,,,45.443745,31.275810,50.711304,75.326035,,21.465641
2004-02-27,,,,,42.694008,5.679054,,,,46.128620,30.853962,51.290031,76.348259,,21.694294
2004-03-31,,,,,43.296230,5.739698,,,,46.584476,30.238064,51.640850,75.336815,,20.789715
2004-04-30,,,,,40.596573,5.494251,,,,44.773525,29.335310,50.191380,73.911346,,21.435703
2004-05-28,,,,,40.491859,5.560333,,,,44.538872,30.837088,50.001591,75.176949,,21.366241
2004-06-30,,,,,40.918167,5.656643,,,,44.595287,31.841089,50.365559,76.567665,,21.286415
2004-07-30,,,,,41.544842,5.742350,,,,45.292263,29.436552,50.831600,74.100761,,20.144081
2004-08-31,,,,,43.275410,5.975663,,,,46.687737,28.702538,51.654510,74.281265,,20.471457
2004-09-30,,,,,43.686348,6.013611,,,,46.832729,29.647476,51.921593,75.026680,,20.113325
2004-10-29,,,,,44.457161,6.306489,,,,47.386303,31.132383,52.371616,75.993378,,19.666204
2004-11-30,45.119999,,,,43.392170,6.587365,,,,46.808350,33.005386,51.984535,79.376419,,20.050447
2004-12-31,43.799999,,,,44.545712,6.749685,,,,47.459209,34.002560,52.398926,81.767250,,21.156216
2005-01-31,42.220001,,,,46.135368,6.892677,,,,48.042183,31.856110,52.654781,79.933960,,20.497492
2005-02-28,43.520000,,,,45.455997,7.040515,,,,47.592537,31.702791,52.459438,81.604889,,21.114168
2005-03-31,42.820000,,,,45.249500,7.118289,,,,46.991367,31.149141,51.948563,80.112167,,20.996035
2005-04-29,43.349998,,,,46.998470,7.338065,,,,47.753498,29.794830,52.843822,78.611252,,21.727308
2005-05-31,41.650002,,,,48.473072,7.333181,,,,48.050930,32.435310,53.280952,81.144470,,22.001537
2005-06-30,43.439999,,,,49.522541,7.769831,,,,48.636650,31.356968,53.747768,81.267151,,21.885225
2005-07-29,42.820000,,,,47.848068,7.944627,,,,48.234230,33.744125,53.191177,84.376541,,22.378929
2005-08-31,43.400002,,,,49.511555,7.996327,,,,48.959270,33.232590,53.819656,83.585564,,22.301348
2005-09-30,46.700001,,,,47.722839,8.334427,,,,48.048176,33.641815,53.315765,84.256157,,22.177450
2005-10-31,46.400002,,,,46.653328,7.801123,,,,47.287746,33.138809,52.787167,82.263420,,21.498331
2005-11-30,49.099998,,,,46.975121,7.788721,,,,47.598579,35.159367,52.984875,85.879097,,21.760077
2005-12-30,51.580002,,,,48.375610,7.855714,,,,48.007481,34.534935,53.585510,85.714546,,22.512678
2006-01-31,56.700001,,,,47.728146,8.045914,,,,47.797958,35.893772,53.553547,87.772903,,22.803669
2006-02-28,56.070000,,,,48.256935,8.151023,,,,48.123737,35.124619,53.639629,88.275444,,23.066269
2006-03-31,58.099998,,,,46.051636,7.773599,,,,47.313168,35.859169,53.174332,89.732666,,22.771606
2006-04-28,65.089996,,,,44.784290,7.897150,,,,47.217060,35.790752,53.095131,90.866158,,22.066669
2006-05-31,64.230003,,,,44.698807,8.025743,,,32.969250,47.127529,33.199451,52.989670,88.129189,,21.603832
2006-06-30,61.230000,0.983579,,,45.225632,8.209973,,,32.841961,47.086575,33.179012,52.904430,88.359375,,21.611382
2006-07-31,63.160000,0.895091,,,46.203983,8.604072,,,32.892879,47.773094,31.749840,53.639240,88.755074,,22.790573
2006-08-31,62.290001,0.976092,,,47.616066,8.840531,,,34.445873,48.835838,33.264591,54.492622,90.691925,,23.440916
2006-09-29,59.470001,1.060496,,,48.527985,8.712035,,,30.253639,49.262154,34.808266,55.044041,93.140999,,23.800814
2006-10-31,60.240002,1.155791,,,48.938850,9.173396,,,32.213970,49.754974,36.460911,55.421635,96.076492,,23.879696
2006-11-30,64.389999,1.225492,,,50.068687,9.416893,,,35.625462,50.482162,37.711094,56.010162,97.987007,,23.851011
2006-12-29,63.209999,1.103242,,,48.719059,9.497365,,,33.868793,50.029995,37.003002,55.673878,99.296959,,24.100416
2007-01-31,64.830002,1.209472,,,48.234238,9.463741,,,33.703403,50.076893,37.783184,55.634789,100.790413,,24.834436
2007-02-28,66.480003,1.166572,,,49.869041,9.965508,,,34.035336,51.078918,37.148750,56.539284,98.813164,,24.258732
2007-03-30,65.739998,1.173674,,,49.021114,10.323669,,,33.677868,50.733662,37.343727,56.428974,99.958504,,24.306364
2007-04-30,67.089996,1.296620,,,49.464779,10.830751,,,33.669357,51.186062,39.428387,56.761959,104.386238,,26.083292
2007-05-31,65.540001,1.372866,,,48.320271,10.880159,,71.429131,33.328918,50.556141,40.672318,56.241432,107.927032,,26.531136
2007-06-29,64.269997,1.378953,,,47.830566,10.363653,,71.741043,32.248032,50.146881,40.867245,56.029591,106.348770,,25.643158
2007-07-31,65.790001,1.362574,,,49.418083,9.949944,,72.027878,33.992771,49.733120,40.807148,56.630848,103.018974,,24.423092
2007-08-31,66.519997,1.419541,,,50.301525,10.107048,,72.335289,32.043762,50.919350,41.957611,57.355488,104.340996,,24.982290
2007-09-28,73.510002,1.566960,,,50.416313,10.494901,,72.473167,38.597206,51.292286,44.161293,57.718613,108.380280,,25.761715
2007-10-31,78.620003,1.775259,,,51.331940,11.193683,,72.759125,43.065456,51.786606,47.270878,58.300533,109.850632,,26.242699
2007-11-30,77.320000,1.528692,,,54.078857,11.267515,,73.046867,39.456806,52.314072,44.075394,59.352249,105.595833,,26.577930
2007-12-31,82.459999,1.438240,,,53.739384,11.247143,,73.219025,39.005733,51.893311,44.044212,59.346745,104.407043,,25.826649
2008-01-31,91.400002,1.146357,,,54.865692,10.420811,,73.506851,43.574074,53.224800,38.807407,60.719398,98.094482,,24.649054
2008-02-29,96.180000,1.049975,,,54.615887,9.993032,,73.627480,45.971302,52.848373,36.932819,60.622215,95.559471,,23.990768
2008-03-31,90.410004,1.068457,,,55.784039,10.153448,,73.799332,41.280697,52.532776,37.624321,60.700249,94.704918,,22.900772
2008-04-30,86.650002,1.234950,,,54.397091,10.672628,,73.751770,37.732475,53.186127,40.627728,60.899094,99.218773,,23.128531
2008-05-30,87.449997,1.382350,,,52.934971,11.055324,,73.822624,39.826801,52.012810,43.037334,60.128799,100.718620,,23.569355
2008-06-30,91.400002,1.120391,,,54.339653,10.972852,,73.995590,42.050941,51.340927,38.899597,60.017616,92.301125,,22.572441
2008-07-31,90.080002,1.125747,,,54.140034,10.266491,,74.134399,37.628613,51.541382,39.149342,60.254047,91.471725,,23.583698
2008-08-29,81.709999,1.147293,,,55.623375,10.153257,,74.192818,32.574543,51.616039,39.717724,60.701313,92.885300,,24.070873
2008-09-30,85.070000,0.800416,,,56.444336,9.038264,,74.570038,29.242657,46.076950,33.531242,59.633129,84.137901,,22.282444
2008-10-31,71.339996,0.531472,,,55.394104,7.863263,,74.396950,18.130623,45.182583,28.343422,58.272861,70.239449,,19.724228
2008-11-28,80.309998,0.404028,,,63.338360,8.192372,,74.359917,22.994305,46.697903,25.094572,60.035194,65.350319,,18.478487
2008-12-31,86.519997,0.410904,,0.248275,71.985550,7.995674,,74.383263,29.320545,53.147797,25.666075,64.035034,65.990768,,19.807003
2009-01-30,91.309998,0.387066,,0.218071,62.576462,7.981903,,74.529465,29.623449,52.190979,25.079224,62.762936,60.571980,,19.568275
2009-02-27,92.629997,0.344127,,0.185092,61.617836,6.982099,,74.526207,28.870529,49.474510,23.758812,62.100548,54.063580,,17.143688
2009-03-31,90.279999,0.412738,,0.245082,64.111710,7.114922,,74.521339,31.916821,49.707943,26.209896,62.785515,58.567978,,18.173302
2009-04-30,87.269997,0.521385,705.930481,0.341049,59.654644,7.198464,,74.566849,28.481089,51.087624,29.633087,63.109005,64.386475,,18.150784
2009-05-29,96.199997,0.551642,787.395203,0.363573,57.450451,7.454657,,74.574974,38.217102,52.270718,30.583975,63.556889,68.150085,,19.389360
2009-06-30,91.180000,0.582204,748.268738,0.409489,57.881950,7.855094,,74.565216,32.721664,53.782063,31.487097,63.824310,68.105598,,19.848917
2009-07-31,93.349998,0.681225,712.743530,0.521375,58.215363,8.150823,,74.518074,34.417892,56.273037,34.144199,64.634270,73.186668,,21.025822
2009-08-31,93.400002,0.699408,649.090088,0.554240,59.514080,8.232500,,74.570099,34.192883,57.009674,34.646191,65.422966,75.890152,,21.591640
2009-09-30,98.849998,0.778869,590.497742,0.628254,60.977013,8.345941,,74.589615,39.195026,58.012436,36.602997,66.200317,78.581245,,21.724466
2009-10-30,102.529999,0.728901,631.765442,0.609409,59.381794,8.078461,,74.592857,36.667992,57.723492,35.485413,66.347176,77.070496,,21.269821
2009-11-30,115.639999,0.820892,608.180054,0.702003,60.102047,8.468299,,74.561966,44.231804,58.850010,37.737907,67.200600,81.818565,,23.247528
2009-12-31,107.309998,0.908910,748.031860,0.840827,56.288177,8.931630,,74.584427,39.991226,57.633373,39.701336,65.936401,83.381531,,23.673084
2010-01-29,105.959999,0.790636,682.051575,0.629716,57.803555,8.502612,,74.584427,35.326206,58.352753,37.132683,66.869308,80.351242,,23.833090
2010-02-26,109.430000,0.863068,684.791626,0.718344,57.605610,8.390319,0.221910,74.568169,38.076309,58.647858,38.842224,67.001991,82.857773,,23.924520
2010-03-31,108.949997,0.999985,723.371460,0.858911,56.420464,8.615944,0.276461,74.568169,38.527431,59.029591,41.837318,66.997490,87.902412,0.644099,24.562704
2010-04-30,115.360001,1.042160,647.746216,0.903057,58.294651,8.842526,0.293311,74.535652,43.819408,60.155228,42.775532,67.649544,89.262268,0.679731,23.607105
2010-05-28,118.880997,0.883086,539.350159,0.696013,61.272564,8.354503,0.226284,74.568169,43.255524,59.367672,39.613407,68.381813,82.169975,0.548424,22.070503
2010-06-30,121.680000,0.773215,445.969452,0.558312,64.825035,8.295849,0.183562,74.584427,45.077354,61.314053,37.246471,69.591316,77.918610,0.429096,21.667875
2010-07-30,115.489998,0.885378,455.285614,0.678684,64.211555,8.915249,0.223575,74.551910,41.832752,62.608223,39.949917,70.186119,83.240501,0.486865,21.952169
2010-08-31,122.080002,0.794915,347.656708,0.537542,69.599480,9.044413,0.189775,74.551910,46.508781,64.395912,37.900532,71.089256,79.496307,0.327660,21.591040
2010-09-30,127.910004,1.012973,369.905853,0.751934,67.845322,9.306231,0.271640,74.551910,48.521492,64.689934,42.893101,71.094490,86.615677,0.472749,23.547907
2010-10-29,132.619995,1.144084,420.870697,0.898658,64.813133,9.407064,0.324750,74.568169,49.710014,64.519394,45.611614,71.202721,89.924576,0.568906,24.073082
2010-11-30,135.419998,1.134457,432.817261,0.858907,63.718250,9.122361,0.320103,74.568169,51.618603,63.476635,45.532944,70.608231,89.924576,0.650200,23.377998
2010-12-31,138.720001,1.244327,473.589081,1.016127,61.361271,9.405337,0.367521,74.551910,53.327660,62.998680,47.698997,70.131248,95.936043,0.758188,24.454142
2011-01-31,129.869995,1.312633,513.155334,1.132256,59.470623,9.519378,0.396947,74.551910,47.093311,63.021919,49.047813,70.071564,98.171371,0.915619,24.593880
2011-02-28,137.660995,1.394081,484.987671,1.187194,60.451988,9.636419,0.433232,74.551910,52.255070,63.702572,50.598072,70.275101,101.581581,1.021180,25.362436
2011-03-31,139.860001,1.374826,479.178802,1.078742,60.469707,9.658710,0.423042,74.551910,52.490875,63.358257,50.371254,70.118362,101.594048,0.871180,25.821131
2011-04-29,152.369995,1.454134,444.215820,1.167044,61.884167,10.049664,0.459327,74.551910,54.325001,64.944389,51.818451,71.217468,104.536354,0.932757,27.482231
2011-05-31,149.639999,1.412723,397.635071,1.106052,64.002357,10.264840,0.439544,74.568169,50.787762,65.768860,51.186947,72.100433,103.364029,0.868298,28.160707
2011-06-30,146.000000,1.351294,420.980255,0.998633,62.515533,10.250075,0.408727,74.568169,47.678486,65.244560,50.150166,71.779457,101.619995,0.694639,27.844175
2011-07-29,158.289993,1.392246,363.987366,1.026626,65.275337,10.155167,0.426820,74.568169,49.687283,66.830116,50.985271,72.990112,99.587135,0.573759,26.739185
2011-08-31,177.720001,1.230421,256.577667,0.788347,71.585831,10.375599,0.343414,74.568169,54.849030,67.057564,48.400845,74.099915,94.112267,0.415570,26.174938
2011-09-30,158.059998,1.114745,169.553894,0.698451,81.039558,10.398020,0.294256,74.551910,48.202526,67.293030,46.227245,74.670921,87.578888,0.348988,25.000200
2011-10-31,167.339996,1.348849,182.925308,0.950613,77.936356,10.778435,0.387056,74.519394,51.381676,68.981796,51.035793,74.765366,97.137871,0.498684,26.442066
2011-11-30,170.130005,1.265414,168.874359,0.872097,79.486572,10.889776,0.347788,74.535652,52.761627,66.804276,49.661922,74.518059,96.743126,0.432102,26.694195
2011-12-30,151.990005,1.244786,148.970673,0.829539,82.224792,11.252558,0.337947,74.522652,44.918568,69.134560,49.356907,75.529137,97.754044,0.393730,27.485682
2012-01-31,169.309998,1.459788,148.839157,1.052343,81.953529,10.845989,0.428709,74.506386,49.453297,70.617393,53.511971,76.077194,102.287338,0.550858,28.365160
2012-02-29,164.285995,1.651105,158.769073,1.287663,79.825180,10.911666,0.515047,74.522652,48.524849,71.770485,56.942116,76.066895,106.727165,0.612586,28.666245
2012-03-30,162.119995,1.817668,177.971298,1.490667,76.443794,11.059928,0.594675,74.506386,43.392067,70.750488,59.819431,75.631073,110.159821,0.667642,29.949661
2012-04-30,161.880005,1.770908,152.587540,1.362765,80.139275,11.255623,0.569077,74.522652,40.632988,71.516129,59.119839,76.316261,109.424431,0.550706,29.870028
2012-05-31,151.619995,1.524121,116.221680,1.056439,87.372879,11.318750,0.452716,74.522652,38.346886,72.057617,54.957718,77.139099,102.852867,0.387056,28.787033
2012-06-29,155.190002,1.627114,120.255028,1.100590,85.906563,11.784080,0.497054,74.490128,39.214024,72.685631,56.947979,77.123856,107.026962,0.427703,30.431330
2012-07-31,156.490005,1.653704,106.445206,1.152251,89.185883,12.080353,0.508386,74.490128,37.514778,75.217278,57.516037,78.174370,108.293045,0.419058,30.735563
2012-08-31,164.220001,1.829740,110.434715,1.293125,88.009621,11.580191,0.590201,74.490128,41.990620,75.176834,60.498352,78.174377,111.006065,0.461677,31.095840
2012-09-28,171.889999,1.859079,116.725845,1.347290,85.780510,11.715595,0.602827,74.490128,47.027050,76.003845,61.035831,78.382782,113.820518,0.408897,32.280262
2012-10-31,166.830002,1.661650,117.186172,1.101728,85.365311,11.879787,0.508585,74.506386,46.335094,77.026939,57.813580,78.345779,111.749191,0.359756,32.207848
2012-11-30,166.050003,1.701685,111.333443,1.116976,86.543976,11.371114,0.524789,74.490128,41.649029,76.705627,58.570190,78.557831,112.381653,0.379776,32.376816
2012-12-31,162.020401,1.675097,118.895966,1.109011,84.391037,11.369224,0.514649,74.490128,40.632988,76.452408,58.296780,78.365509,113.385582,0.407835,32.260452
2013-01-31,161.199997,1.766672,130.184937,1.153162,81.702888,11.909686,0.554016,74.490128,36.831573,75.460335,59.854141,77.878723,119.189812,0.503841,34.711533
2013-02-28,153.000000,1.775242,124.134926,1.174327,82.714935,12.186428,0.557297,74.490128,33.097088,76.272308,60.060005,78.338875,120.710541,0.566176,35.148361
2013-03-28,154.470001,1.879002,124.726776,1.264450,82.368004,12.840707,0.606008,74.490128,33.495316,76.236702,61.876686,78.416077,125.293846,0.588775,37.331577
2013-04-30,142.770004,1.970826,107.606987,1.317476,86.226868,13.605895,0.648059,74.473862,26.867048,77.893684,63.446705,79.175598,127.701035,0.614558,38.452744
2013-05-31,133.919998,2.111007,130.141098,1.426489,80.397110,12.374370,0.717447,74.490128,26.105993,75.387383,65.716499,77.591209,130.716019,0.726186,39.086445
2013-06-28,119.110001,2.001807,141.868484,1.295629,77.767090,12.484715,0.659888,74.473862,21.672396,72.924072,64.142418,76.376556,128.971680,0.711626,38.855339
2013-07-31,127.959999,2.263152,149.365250,1.443557,76.011131,13.025509,0.792800,74.473862,23.884769,73.730644,68.192383,76.582115,135.636536,0.752728,41.638298
2013-08-30,134.619995,2.239534,153.223236,1.392351,74.992256,12.375229,0.779380,74.473862,24.893616,72.994568,67.922386,75.949265,131.568466,0.661575,40.169289
2013-09-30,128.179993,2.453640,149.036438,1.497267,75.481071,12.517216,0.895591,74.457603,22.141418,73.536102,71.204521,76.800369,135.732101,0.813546,41.457676
2013-10-31,127.739998,2.700569,141.736969,1.723484,76.560570,12.989500,1.027211,74.441345,22.212219,74.865753,74.734055,77.439842,142.017410,0.887560,43.244148
2013-11-29,120.699997,2.887068,151.557281,1.883247,74.490845,12.738285,1.133382,74.425087,19.716663,74.761436,77.387978,77.245720,146.226486,0.906822,45.284660
2013-12-31,116.120003,3.055163,159.492447,2.077830,73.097878,12.854338,1.233786,74.425087,18.698969,74.922089,79.653206,76.815361,150.017822,1.046811,45.619267
2014-01-31,120.089996,2.930625,132.026245,1.909874,77.705070,13.236886,1.155351,74.425087,20.973726,76.332733,78.122803,77.999023,144.729950,1.001918,46.047153
2014-02-28,127.620003,3.231234,128.716278,2.138140,78.111977,13.693915,1.333297,74.441345,23.117552,77.206680,82.148148,78.292610,151.317444,1.213343,48.910702
2014-03-31,123.610001,3.050563,124.748695,2.174781,78.684090,14.152789,1.221758,74.425087,21.089853,77.184235,79.902565,78.176697,152.572388,1.363646,48.295498
2014-04-30,124.220001,3.017434,116.594322,2.170229,80.332848,14.750169,1.196905,74.425087,21.536482,78.210274,79.647369,78.819061,153.632996,1.271128,47.989983
2014-05-30,120.430000,3.288595,105.919121,2.417839,82.702522,14.589731,1.358567,74.425087,20.098337,79.394646,83.220062,79.748383,157.198257,1.439783,49.368912
2014-06-30,128.039993,3.487672,105.809517,2.557120,82.494568,15.237796,1.487031,74.408821,23.626711,79.399979,85.819710,79.702484,160.443344,1.715060,50.416290
2014-07-31,123.389999,3.566462,102.696823,2.670911,83.042305,14.201516,1.532370,74.392563,23.144346,79.146286,86.834076,79.502510,158.287384,1.479975,50.482594
2014-08-29,123.860001,3.928392,88.799324,2.932858,86.964897,14.900402,1.769404,74.408821,23.841091,80.732407,91.184006,80.416496,164.533951,1.786951,52.927574
2014-09-30,116.209999,3.862643,93.775246,2.871639,85.127922,14.621469,1.720287,74.408821,19.080017,79.374809,90.493889,79.921814,162.264160,1.724008,53.157665
2014-10-31,112.660004,4.045144,85.467438,2.971320,87.527588,15.795632,1.833435,74.392563,15.372993,80.354416,92.884712,80.772247,166.085632,1.675930,55.952370
2014-11-28,112.110001,4.416906,77.685707,3.418065,90.124863,15.979747,2.095524,74.392563,16.400242,81.087044,97.107574,81.302917,170.648331,2.047516,57.898689
2014-12-31,113.580002,4.201222,69.553261,3.167952,93.055038,16.549723,1.938156,74.376305,16.418104,81.073311,94.931587,81.423203,170.215393,2.044863,57.085934
2015-01-30,123.449997,4.020719,51.578579,2.824302,102.189095,16.935251,1.803509,74.360039,20.041622,84.114998,92.954803,83.094246,165.172043,1.740909,57.828934
2015-02-27,116.160004,4.613112,61.486572,3.533905,95.916374,15.852263,2.213614,74.360039,19.133499,82.920349,99.666672,82.350822,174.455460,2.278592,60.308392
2015-03-31,113.660004,4.382243,58.527328,3.164993,96.964066,15.694455,2.048543,74.360039,16.400141,83.082405,97.315605,82.659164,171.715363,2.063367,60.695114
2015-04-30,113.470001,4.541738,64.095093,3.407369,93.642937,15.620275,2.154163,74.343781,18.081518,82.096100,99.186348,82.392159,173.404007,1.978582,60.032909
2015-05-29,114.099998,4.742897,67.646194,3.577600,91.421364,15.719182,2.291011,74.327515,17.604979,81.176445,101.416504,82.031822,175.633301,2.512321,62.737820
2015-06-30,112.370003,4.499907,74.814148,3.137911,87.698936,14.778422,2.115774,74.327515,15.968560,79.647537,98.897369,81.148819,172.065887,1.906233,62.492237
2015-07-31,104.930000,4.900992,64.533501,3.381880,91.685860,15.680243,2.398222,74.327515,12.363046,80.310455,103.404877,81.848778,175.952728,1.614413,64.340370
2015-08-31,108.820000,4.214471,64.993828,2.790164,91.054008,15.134872,1.887826,74.327515,12.686732,79.645592,96.348038,81.573807,165.228378,1.335334,59.215992
2015-09-30,106.860001,4.001626,60.280956,2.623574,92.844673,15.576386,1.734270,74.294998,12.354054,80.593124,94.221375,82.236015,161.012772,1.249790,55.838776
2015-10-30,109.300003,4.954512,60.565918,3.513877,92.465309,15.741901,2.379922,74.278740,13.450994,81.055489,104.934242,82.292450,174.708466,1.635041,60.147034
2015-11-30,101.919998,5.001878,61.771538,3.563946,91.662712,15.407273,2.411151,74.294998,12.372037,80.930336,105.573120,81.971985,175.347046,1.743639,59.953121
2015-12-31,101.459999,4.820406,61.333130,3.316336,91.389969,15.733875,2.272115,74.278740,12.336072,80.055275,103.889771,81.815002,172.316223,1.624121,60.985878
2016-01-29,106.949203,4.143732,51.666256,2.891211,96.483192,16.511845,1.791953,74.294998,12.886235,80.153580,96.710548,82.830017,163.737869,1.244330,56.278378
2016-02-29,118.639999,3.993544,46.646500,2.808371,99.460655,16.831757,1.683748,74.294998,17.574612,80.996689,95.196686,83.564796,163.601959,1.283765,56.074497
2016-03-31,117.639999,4.542594,46.361534,3.589435,99.368141,18.174149,2.036808,74.294998,18.109650,83.924370,101.719955,84.291542,174.606461,1.638681,57.593128
2016-04-29,123.650002,4.244679,46.865700,3.054160,98.636543,17.734629,1.842078,74.327515,23.423748,85.229210,98.478333,84.509911,175.295303,1.407531,59.301720
2016-05-31,116.059998,4.612765,45.506641,3.501743,99.431160,18.002005,2.078578,74.327515,20.476511,84.792198,102.781868,84.521507,178.276657,1.785501,60.626579
2016-06-30,126.470001,4.380095,36.738503,3.318156,106.326103,19.375065,1.915872,74.311256,25.128613,87.412498,100.440155,86.153442,178.892456,1.690857,61.173691
2016-07-29,128.979996,5.022442,34.108063,4.050972,108.561737,19.245823,2.347301,74.343781,27.740318,88.545441,107.622459,86.626717,185.421295,2.278137,64.155380
2016-08-31,124.779999,5.118518,34.853352,4.194805,107.461647,18.178661,2.417516,74.343781,23.115421,88.704895,108.752579,86.439888,185.643341,2.610605,62.073742
2016-09-30,125.639999,5.329761,36.190495,4.416926,105.840805,18.244347,2.557745,74.360039,23.967854,88.424797,111.159729,86.484177,185.654175,2.918806,61.756966
2016-10-31,121.940002,5.166556,41.254093,4.306776,101.204353,18.408205,2.439793,74.376305,22.235783,87.072952,109.539894,85.777580,182.435486,2.776840,57.688934
2016-11-30,111.750000,5.196117,52.323872,4.289479,92.891586,17.410149,2.466646,74.343781,18.889536,84.315163,110.017418,83.576782,189.156113,3.379894,58.879368
2016-12-30,109.610001,5.303896,52.564991,4.546193,92.461288,18.263090,2.530694,74.360680,18.971149,85.022354,111.263023,83.788841,192.990585,3.629606,59.301460
2017-01-31,115.550003,5.852811,50.986729,5.040502,93.214142,18.492458,2.929502,74.393227,21.763481,85.145699,116.982056,83.967186,196.444092,4.075203,60.660557
2017-02-28,119.230003,6.365556,48.422047,5.745099,94.691338,19.466341,3.321747,74.429939,20.781261,86.270332,122.100082,84.509544,204.162689,4.404474,64.505608
2017-03-31,118.720001,6.610221,49.057735,6.094666,94.070908,19.440069,3.509117,74.417206,20.744881,86.015610,124.575035,84.463051,204.417984,4.978473,64.195450
2017-04-28,120.769997,6.963398,46.646500,6.441502,95.550484,19.587831,3.792361,74.473297,20.217390,87.038361,127.972191,85.229446,206.447067,4.858969,65.179619
2017-05-31,120.620003,7.494112,43.994137,7.187062,97.354210,20.398623,4.225978,74.484116,20.635744,88.198448,132.959702,85.815163,209.360641,6.156982,65.680336
2017-06-30,118.019997,7.108251,42.788517,6.544369,98.125122,19.846001,3.885051,74.560791,20.080975,88.622276,129.878159,85.799614,210.695404,5.180612,68.679878
2017-07-31,120.750000,7.691813,43.555733,7.425570,97.478851,20.327255,4.373169,74.585564,20.790356,89.300751,135.152924,86.086304,215.026077,5.922425,69.243256
2017-08-31,125.820000,7.966740,39.303185,8.002720,100.801338,20.995665,4.593558,74.669914,22.481956,89.905380,137.955444,86.896530,215.653458,6.359757,70.456680
2017-09-29,121.580002,7.917427,41.933624,8.154745,98.459534,20.416958,4.545025,74.723671,20.881300,89.861038,137.548508,86.399643,219.998367,7.326593,71.098602
2017-10-31,120.669998,8.639881,41.977463,9.806995,98.421875,21.213623,5.169593,74.775581,20.444759,90.034065,143.884537,86.484406,225.182419,9.405195,70.559250
2017-11-30,121.099998,8.960423,40.881447,10.133804,99.153381,21.783218,5.454030,74.815849,20.435663,89.923134,146.721558,86.356148,232.065323,9.261536,72.612259
2017-12-29,123.650002,9.040562,38.645569,10.220778,100.950043,20.463629,5.518476,74.871078,21.135950,91.020927,147.606842,86.766701,234.880066,8.772944,72.212151
2018-01-31,127.650002,10.653143,42.569313,12.468666,97.663559,19.826569,7.047275,74.969376,21.774050,89.905258,160.532867,85.790543,248.117706,11.063834,76.945946
2018-02-28,125.000000,10.288216,46.514977,11.952032,94.692825,19.057434,6.612862,75.031822,19.573727,87.894173,158.457520,84.925011,239.096054,10.746380,73.487305
2018-03-29,125.790001,9.394392,42.569313,10.423973,97.400696,19.780811,5.725339,75.129715,20.151312,88.383781,151.993881,85.495026,232.542130,9.722128,71.343712
2018-04-30,124.589996,9.419050,45.375122,10.274538,95.367188,20.184025,5.701072,75.207726,20.426350,86.999626,152.762726,84.690758,233.743958,7.755690,72.097466
2018-05-31,123.099998,10.480541,42.656994,12.387579,97.278809,19.960888,6.670154,75.320663,20.481358,87.453522,161.428848,85.251358,239.426056,10.510357,72.228935
2018-06-29,118.650002,10.659307,41.814182,12.168192,97.906761,20.522755,6.815754,75.432999,20.453857,87.027176,163.277634,85.339066,240.802582,9.020078,73.420227
2018-07-31,115.989998,11.196833,43.721806,12.841921,96.499924,20.850582,7.331322,75.537697,19.509548,88.196983,167.843506,85.314262,249.723495,10.022167,78.232216
2018-08-31,113.510002,12.515993,42.121155,15.427286,97.761848,21.119164,8.628595,75.657410,17.006676,88.214272,177.545990,85.799072,257.694611,10.709351,81.619080
2018-09-28,112.760002,12.412435,45.983910,15.275513,94.965858,20.982210,8.490155,75.763596,16.979176,88.089859,177.045731,85.267700,259.226410,9.883229,84.030357
2018-10-31,115.150002,10.209311,50.226212,11.447727,92.182739,21.396673,6.230967,75.892731,17.355062,86.284637,161.827377,84.718170,241.312744,6.426880,78.334129
2018-11-30,115.540001,10.089724,47.720394,10.498546,93.829987,22.153866,6.049563,76.034164,17.501751,85.975578,161.398544,85.161789,245.788925,6.832795,84.666222
2018-12-31,121.250000,8.283586,40.188454,7.765197,99.322098,21.268944,4.426454,76.173279,19.335354,87.573647,147.419876,86.849007,224.147995,5.345357,76.746422
2019-01-31,124.750000,9.767229,39.879822,9.219572,99.698105,22.008453,5.617915,76.306534,20.912306,90.523300,160.703552,87.640099,242.094528,6.827969,80.436920
2019-02-28,123.989998,10.316227,41.621395,11.191019,98.325737,22.912746,6.099520,76.447739,20.497562,90.338432,165.510513,87.540634,249.942215,8.130947,81.306320
2019-03-29,122.010002,11.094694,35.378284,12.705070,103.804359,23.552429,6.773571,76.581497,20.663458,92.984764,172.006302,89.398636,254.466415,8.839499,81.698044
2019-04-30,121.199997,12.306218,37.676434,15.197878,101.737671,23.771070,7.900905,76.728561,19.253328,93.390503,181.465393,89.219460,264.861969,12.085704,79.480843
2019-05-31,123.330002,10.280287,30.958761,11.363353,108.695671,23.584822,6.003684,76.891220,19.898487,94.931679,166.539551,90.924561,247.971405,6.812468,77.717766
2019-06-28,133.199997,11.853131,30.118532,14.533435,109.728035,24.336491,7.384459,77.030930,23.557449,98.013695,179.179565,91.923569,265.226532,9.544085,82.842819
2019-07-31,133.210007,12.369444,29.940840,15.890731,110.009636,24.303841,7.842327,77.169983,24.423801,98.262253,183.363037,92.090675,269.236603,11.089392,81.501450
2019-08-30,143.750000,11.786480,21.567179,14.733225,122.164680,25.540461,7.231439,77.300354,27.520555,102.080574,179.880005,94.653709,264.728668,9.972729,81.018562
2019-09-30,138.869995,11.947042,23.196838,15.292382,118.890923,26.626408,7.367723,77.425804,24.617348,101.309052,181.531250,94.074615,269.879395,10.974838,80.932587
2019-10-31,142.429993,12.954877,23.888947,16.917984,117.567497,26.424881,8.283458,77.550285,25.944530,101.759689,189.482437,94.270638,275.845001,12.783346,85.081131
2019-11-29,137.860001,13.996059,24.179186,19.648407,117.088570,25.931341,9.293635,77.633957,24.958361,102.243126,197.193268,94.238373,285.830109,14.277219,89.337433
2019-12-31,142.899994,15.054535,26.437592,22.175634,113.343933,26.784691,10.350625,77.720802,26.985996,102.782501,204.856567,94.193634,294.135040,17.737265,92.441650
2020-01-31,149.330002,15.907140,21.181387,24.623898,122.061409,28.591890,11.198526,77.814308,26.908154,105.296638,211.080994,96.104828,294.016266,15.722927,89.973152
2020-02-28,148.380005,14.033966,17.289558,19.043068,130.149765,25.773321,9.208529,77.906502,24.337076,106.445641,198.294922,97.628159,270.740234,13.230984,84.046944
2020-03-31,148.050003,11.068520,11.966702,10.687656,138.449188,23.197104,5.697328,78.066078,21.385441,99.727158,183.847137,97.113869,236.932114,6.121564,80.779716
2020-04-30,158.800003,14.455616,11.371736,14.792989,140.136841,23.971594,8.343883,78.050964,29.943327,104.559746,211.375946,98.783035,267.018585,8.465126,90.947853
2020-05-29,162.910004,16.246193,11.874651,17.897043,137.667908,24.988901,9.898569,78.037582,31.855392,107.132301,225.328629,99.447685,279.740753,9.957719,93.939018
2020-06-30,167.369995,18.250553,11.591761,21.413010,138.131516,23.821255,11.678088,78.037582,34.045921,109.411537,239.494553,100.102783,284.701996,12.167240,91.644325
2020-07-31,185.429993,20.967934,10.116691,24.910587,144.257538,25.678663,14.276806,78.046104,39.856373,112.803665,257.089081,101.437233,301.468719,14.643225,96.644600
2020-08-31,184.830002,25.742813,11.728716,34.471001,136.977631,25.011684,19.297249,78.046104,39.234489,110.798027,285.226807,100.602104,322.510223,17.267254,99.144745
2020-09-30,177.119995,22.651005,11.373980,28.119459,138.036972,25.281969,15.654497,78.029053,36.347824,110.310921,269.136139,100.504387,310.434509,16.368011,96.983299
2020-10-30,176.199997,21.131052,12.514522,23.584745,133.364166,26.559267,14.045995,78.037582,34.797749,109.748344,260.941193,99.943016,302.694244,16.093906,93.471008
2020-11-30,166.669998,25.903458,11.721979,32.105263,135.583603,26.755117,18.897814,78.029053,32.189541,113.887199,290.233856,101.149139,335.620361,26.244802,100.900139
2020-12-31,178.360001,28.449074,12.126108,37.579441,133.919067,26.921015,21.741730,78.031860,33.433315,114.058792,304.462708,101.236069,348.054565,30.160088,104.732460
2021-01-29,172.610001,28.513329,13.439528,36.122597,129.054077,26.684866,21.638880,78.031860,32.198990,111.969681,305.258453,100.482292,344.507721,32.392612,106.200417
2021-02-26,161.809998,28.308195,15.752043,37.196743,121.655273,25.057583,21.339901,78.023338,29.045341,109.435677,304.850891,98.956810,354.086945,37.542351,103.966171
2021-03-31,159.960007,28.963135,18.291317,38.196014,115.273918,27.701584,21.827835,78.014809,30.323597,107.818359,310.084167,97.822189,370.162018,37.072842,108.152763
2021-04-30,165.660004,32.393536,16.910543,44.139877,118.150177,28.860863,25.750435,78.014809,32.059044,108.943024,328.409576,98.538445,389.747467,35.801830,112.405136
2021-05-28,178.380005,31.481562,16.827473,42.318817,118.152802,28.186060,24.537777,78.006287,36.780190,109.621490,324.464661,98.738922,392.306580,37.625877,114.508156
2021-06-30,165.630005,35.495224,14.629462,51.414867,123.374329,27.563766,29.299910,77.989235,31.704487,112.045403,344.782837,99.556297,401.104889,43.214455,117.140472
2021-07-30,169.820007,37.467457,12.914160,57.275532,127.959274,28.758211,31.749144,77.980705,32.581539,113.635315,354.646851,100.667488,410.896851,43.068920,122.906815
2021-08-31,169.690002,40.611172,12.932120,63.293350,127.523766,29.878548,35.755459,77.972176,30.416903,113.244576,369.608246,100.465485,423.125092,45.164635,125.752792
2021-09-30,164.220001,35.969746,13.987346,52.357750,123.816940,28.058056,29.795017,77.980705,27.496506,111.537560,348.602753,99.544334,403.405243,38.848381,118.812828
2021-10-29,166.649994,41.787582,12.864766,65.687531,126.869118,29.388926,37.111626,77.972176,29.586500,112.130173,376.016907,99.535378,431.709595,46.231899,124.898140
2021-11-30,165.500000,43.305065,11.623193,74.154991,130.385468,28.888201,39.104019,77.955132,29.670473,111.997467,383.525360,99.804550,428.240875,62.745369,121.080811
2021-12-31,170.960007,44.002010,12.227140,79.968864,127.759567,31.687057,39.783329,77.955132,29.885071,111.959541,387.945312,99.445953,448.049347,66.002296,132.001648
2022-01-31,168.089996,36.434387,13.551785,63.368580,122.759186,30.655611,29.577385,77.955132,28.698830,107.938057,354.011658,97.458427,424.418671,43.263969,122.951065
2022-02-28,178.380005,32.954552,14.056946,53.167286,120.754639,30.071274,25.095091,77.938080,32.638630,105.637352,338.166199,96.342300,411.891083,39.799355,121.761200
2022-03-31,180.649994,35.549603,16.122492,56.978859,114.180069,33.181980,27.831347,77.955132,36.407543,102.580177,353.951080,93.632652,427.374268,37.642097,128.748413
2022-04-29,176.910004,26.296423,21.416580,38.839108,103.419678,31.755951,17.474718,77.946602,33.217731,95.707870,305.828827,90.068993,389.864014,21.587423,122.451485
2022-05-31,171.139999,25.045855,22.382000,36.288784,101.089424,33.124050,15.810003,77.972176,30.122854,97.491409,300.976562,90.754303,390.744049,24.130547,124.274773
2022-06-30,168.460007,20.468699,22.779392,26.031845,99.801353,31.502672,11.480789,78.033020,25.993183,93.959213,274.166290,89.344978,358.523010,12.731787,121.033859
2022-07-29,164.100006,25.713154,20.954077,37.188347,102.227486,33.218632,15.958298,78.061073,24.939405,98.135185,308.578918,91.612305,391.538452,19.272621,124.960091
2022-08-31,159.270004,22.920393,23.740320,29.982529,97.573006,33.393822,13.303365,78.212051,22.594511,93.788544,292.742065,88.825607,375.562927,13.645366,117.749405
2022-09-30,154.669998,18.120802,30.006561,19.920343,89.537872,29.626837,9.242035,78.373299,22.898306,88.180351,261.899719,85.144173,340.844055,8.639080,114.759972
2022-10-31,151.910004,19.316992,35.913578,23.852478,84.197556,30.201191,10.021772,78.497849,22.936279,87.523346,272.375336,84.055275,368.546326,8.697584,125.789665
2022-11-30,164.809998,21.205198,28.729065,27.293097,90.218224,32.304150,11.270308,78.744812,27.578594,93.341675,287.476227,87.256538,389.034393,13.475405,131.730927
2022-12-30,169.639999,17.320045,30.590303,20.539406,87.854721,32.144547,8.318652,79.030838,27.208353,91.893471,261.564453,86.497017,366.615387,9.462422,129.257523
2023-01-31,179.410004,21.054325,24.328552,26.236534,94.570015,31.501654,11.016203,79.255478,30.912655,96.635010,289.402588,89.377579,389.670868,14.208311,126.888344
2023-02-28,169.779999,20.687471,28.318201,26.004187,89.983269,29.636816,10.641143,79.529503,26.558624,92.606270,288.361359,86.995361,379.873505,14.335520,120.998726
2023-03-31,183.220001,24.574118,24.334642,34.637035,94.337654,31.090666,13.667848,79.847160,31.231241,96.170013,315.734955,89.292892,393.958557,17.934172,123.658195
2023-04-28,184.800003,24.658403,24.164406,33.994228,94.656624,31.683176,13.663011,80.137085,32.418705,96.751312,317.338562,89.806572,400.252014,13.945534,127.545784
2023-05-31,182.320007,28.416151,26.500042,42.974888,91.802444,29.822971,16.806713,80.437866,29.841040,95.039459,342.356903,88.779182,402.099640,20.727200,122.101242
2023-06-30,178.270004,31.916117,26.562038,50.363636,92.001801,30.298800,19.892010,80.808113,29.068708,95.809143,363.938507,88.452049,428.155975,24.371254,127.303947
2023-07-31,182.350006,34.221336,28.820295,53.570797,89.660774,31.053490,21.983097,81.119865,30.323750,95.860886,377.986877,88.438232,442.170929,27.885111,128.665894
2023-08-31,180.020004,32.858032,31.744095,49.934772,86.843811,29.150555,20.590654,81.522507,28.248104,94.683098,372.381317,87.879555,434.984772,23.419176,127.764336
2023-09-29,171.449997,29.422514,40.799828,40.173439,79.938400,27.505585,17.342508,81.847595,25.979372,91.315292,353.464417,85.604225,414.351685,18.551807,123.983093
2023-10-31,184.089996,28.047792,47.547421,39.492847,75.571228,27.860313,15.959782,82.200584,27.041332,89.112854,346.163696,84.259949,405.356659,14.648750,119.938278
2023-11-30,188.750000,34.157459,35.558891,55.771061,83.071114,29.293236,21.359232,82.585167,30.236862,95.863029,383.614502,88.129547,442.383484,22.425367,126.458122
2023-12-29,191.169998,37.781502,27.625078,62.263416,90.285950,29.837830,24.793177,82.938698,29.937582,100.535980,405.047028,91.388237,462.580750,30.940086,131.928574
2024-01-31,188.449997,38.915070,29.798885,66.052795,88.258911,28.952070,25.741869,83.292633,27.416672,100.090805,412.415680,91.250114,469.948029,31.629831,135.798019
2024-02-29,189.309998,42.816528,32.084648,74.546234,86.271248,29.258314,29.517084,83.663055,25.866264,98.156670,434.205048,89.904816,494.473114,42.212524,140.093109
2024-03-28,205.720001,43.533131,31.680550,74.905159,86.946861,31.186218,30.212601,84.006332,31.027744,99.669472,439.741486,90.716400,510.643280,45.886551,143.424088
2024-04-30,211.869995,39.497795,38.888844,61.305584,81.334412,31.704006,25.881441,84.369148,32.509460,96.436890,420.508179,88.468445,490.054321,37.652023,136.239777
2024-05-31,215.300003,44.377758,36.088772,73.886368,83.682274,34.544731,30.688660,84.754555,34.638813,98.571739,446.377045,89.945274,514.841125,47.918068,139.511551
2024-06-28,215.009995,49.700897,34.357510,91.115585,85.203171,32.630081,36.368050,85.092995,33.294476,99.159088,475.257721,90.741539,533.004822,54.748199,142.055801
2024-07-31,226.550003,47.610065,31.169701,79.410355,88.296097,34.856819,33.638721,85.476807,37.219551,101.774757,467.282379,92.936615,539.459045,43.899433,145.837463
2024-08-30,231.289993,48.128490,29.379549,77.913277,90.160088,36.532856,33.801300,85.871758,37.896626,103.678886,472.440552,94.294601,552.063782,38.361320,153.215576
2024-09-30,243.059998,50.197189,27.984545,81.899231,91.962570,38.945343,35.827930,86.234398,39.074154,105.714241,484.825897,95.551315,563.659241,36.338432,150.676300
2024-10-31,253.509995,49.015911,33.434322,76.528488,86.945908,38.525906,34.325420,86.575119,39.584412,102.353401,480.633942,93.144928,558.629395,29.809799,143.681519
2024-11-29,245.589996,53.968376,31.566103,87.494545,88.673271,39.981892,39.485355,86.895630,36.954613,104.186684,506.351837,94.180016,591.942383,27.798702,144.209808
2024-12-31,242.130005,53.983341,38.608200,84.768562,83.015060,36.793690,39.239883,87.245323,33.274849,101.399597,508.650513,92.584999,577.699768,27.132046,135.192444
2025-01-31,258.559998,55.894176,38.452717,80.518433,83.423820,37.858269,41.020138,87.550674,38.679085,101.988029,519.654663,93.062737,593.214661,26.843935,144.331696
2025-02-28,263.269989,52.540825,32.661003,73.328789,88.176842,38.509659,37.152184,87.833969,39.433605,104.406479,505.605957,95.145195,585.683899,22.581888,146.356094
2025-03-31,288.140015,44.352055,34.160824,54.987297,87.114410,38.601864,28.498291,88.121521,45.638542,103.923378,467.249481,95.120369,553.049561,15.895092,144.041245
2025-04-30,303.769989,44.214008,35.321148,51.813507,85.928848,38.626343,27.294701,88.421707,48.656616,103.641937,473.776123,95.530586,548.254517,12.118139,138.575958
2025-05-30,303.600006,52.275154,39.460964,67.325630,83.169647,40.104813,34.814667,88.742424,50.284798,103.855812,517.260681,94.951035,582.709534,16.114336,130.851532
2025-06-30,304.829987,58.754013,36.589264,88.083382,85.384850,40.255299,41.395969,89.039848,51.684628,106.018867,550.292236,96.332878,612.652893,25.102650,133.607697
2025-07-31,302.959991,61.347042,38.154266,97.015961,84.412048,42.232075,43.994438,89.357758,51.267654,105.923653,563.629517,96.079056,626.763245,24.972687,129.285950
2025-08-29,318.070007,62.071598,38.609898,95.302864,84.422585,41.566578,44.567997,89.689354,62.714520,107.029190,569.006409,97.222939,639.624146,26.032377,136.224548
2025-09-30,355.470001,68.557587,34.929535,117.064865,87.454262,43.280537,51.619602,89.985542,75.849129,109.038818,599.597351,98.318314,662.407898,34.840000,138.580032
2025-10-31,368.119995,74.716240,33.842972,138.902161,88.662529,44.218502,58.269245,90.300957,71.540421,109.201828,628.260437,98.923653,678.197998,47.779999,143.638489
2025-11-28,387.880005,71.787170,33.952625,116.810715,88.904099,44.977810,54.455185,90.560928,82.629883,110.219124,618.453064,99.522797,679.520508,41.259998,156.981689
2025-12-31,396.309998,70.387619,37.160000,117.489998,86.540588,42.689999,52.720001,90.865128,85.151566,109.407227,614.309998,99.245529,680.062744,42.029999,154.800003
2026-01-30,444.950012,71.709999,37.480000,115.430000,86.510796,43.250000,54.000000,91.133614,94.199997,109.784523,621.869995,99.493942,690.085327,61.790001,154.740005
2026-02-27,483.750000,67.989998,33.119999,100.860001,90.519363,47.730000,49.520000,91.376900,115.839996,111.297165,607.289978,101.083626,684.121643,62.770000,160.199997
2026-03-19,426.410004,63.139999,36.669998,99.059998,87.489998,46.540001,45.689999,91.540001,80.400002,109.190002,593.020020,99.489998,658.002991,54.849998,146.610001
